Source File	Size	loadResources	load-configure	scan	loadDepInfo	loadInfo	load	generateSnapshots	checkR4R4B	generateNarratives	validate	loadLists	checkConformanceResources	checkConformanceResources2	checkConformanceResources3	generateLogicalMaps	validateExpressions	scanForUsageStats	checkURLsUnique	processProvenanceDetails	generate1	generate2	generateLogicals	makeDependencies	generateExampleZip	generateValidationPack	scanProfilesForR5	scanExamplesForR5
/fsh-generated/resources/ImplementationGuide-vital-records-fhir-messaging.json	40719	-	0	0	0	0	0	0	4	49	0	0	0	0	0	0	0	1	0	0	118	158	0	0	0	5	0	3
fsh-generated/resources/Bundle-AcknowledgementMessage-Example1.json	2120	2	1	0	0	0	7	0	0	29	0	0	0	0	0	0	0	0	0	0	11	21	0	0	0	0	0	0
fsh-generated/resources/Bundle-BirthReportMessage-Example1.json	3603	2	0	0	0	0	1	0	0	9	0	0	0	0	0	0	0	0	0	0	14	28	0	0	0	0	0	0
fsh-generated/resources/Bundle-BirthReportUpdateMessage-Example1.json	3640	3	0	0	0	0	1	0	1	8	0	0	0	0	0	0	0	0	0	0	13	18	0	0	0	0	0	0
fsh-generated/resources/Bundle-CauseOfDeathCodingMessage-Example1.json	3746	1	0	0	0	0	1	0	0	7	0	0	0	0	0	0	0	0	0	0	13	16	0	0	0	0	0	0
fsh-generated/resources/Bundle-CauseOfDeathCodingUpdateMessage1.json	3775	2	0	0	0	0	1	0	0	12	0	0	0	0	0	0	0	0	0	0	14	25	0	0	0	0	0	0
fsh-generated/resources/Bundle-CodedCauseOfFetalDeathMessage-Example1.json	3771	1	0	0	0	0	1	0	0	10	0	0	0	0	0	0	0	0	0	0	13	30	0	0	0	0	0	0
fsh-generated/resources/Bundle-CodedCauseOfFetalDeathUpdateMessage-Example1.json	3808	2	0	0	0	0	1	0	0	10	0	0	0	0	0	0	0	0	0	0	13	56	0	0	0	0	0	0
fsh-generated/resources/Bundle-DeathRecordAliasMessage-Example1.json	2539	1	0	0	0	0	1	0	0	12	0	0	0	0	0	0	0	0	0	0	13	23	0	0	0	0	0	1
fsh-generated/resources/Bundle-DeathRecordSubmissionMessage-Example1.json	3201	1	0	0	0	0	0	0	0	8	0	0	0	0	0	0	0	1	0	0	14	23	0	0	0	0	0	0
fsh-generated/resources/Bundle-DeathRecordVoidMessage-Example1.json	1980	2	0	0	0	0	1	0	0	7	0	0	0	0	0	0	0	0	0	0	12	16	0	0	0	0	0	0
fsh-generated/resources/Bundle-DemographicsCodingMessage-Example1.json	3746	1	0	0	0	0	3	0	0	8	0	0	0	0	0	0	0	0	0	0	16	19	0	0	0	0	0	0
fsh-generated/resources/Bundle-DemographicsCodingUpdateMessage1.json	3775	2	0	0	0	0	0	0	0	6	0	0	0	0	0	0	0	0	0	0	18	12	0	0	0	0	0	0
fsh-generated/resources/Bundle-DummyBundle.json	1145	1	0	0	0	0	1	0	0	0	0	0	0	0	0	0	0	0	0	0	6	17	0	0	0	0	0	0
fsh-generated/resources/Bundle-DummyDeathBundle.json	945	1	0	0	0	0	1	0	0	0	0	0	0	0	0	0	0	0	0	0	7	9	0	0	0	0	0	0
fsh-generated/resources/Bundle-ExtractionErrorMessage-Example1.json	2841	1	0	0	0	0	2	0	0	12	0	0	0	0	0	0	0	0	0	0	17	12	0	0	0	0	0	0
fsh-generated/resources/Bundle-FetalDeathReportMessage-Example1.json	3619	2	0	0	0	0	1	0	1	9	0	0	0	0	0	0	0	0	0	0	15	14	0	0	0	0	0	0
fsh-generated/resources/Bundle-FetalDeathReportUpdateMessage-Example1.json	3656	1	0	0	0	0	1	0	0	9	0	0	0	0	0	0	0	0	0	0	14	12	0	0	0	0	0	0
fsh-generated/resources/Bundle-IndustryOccupationCodingMessage-Example1.json	3782	2	0	0	0	0	1	0	0	9	0	0	0	0	0	0	0	0	0	0	16	13	0	0	0	0	0	0
fsh-generated/resources/Bundle-IndustryOccupationCodingUpdateMessage1.json	3811	1	0	0	0	0	1	0	0	9	0	0	0	0	0	0	0	0	0	0	20	11	0	0	0	0	0	0
fsh-generated/resources/Bundle-ParentalDemographicsCodingMessage-Example1.json	3802	2	0	0	0	0	0	0	0	9	0	0	0	0	0	0	0	0	0	0	20	11	0	0	0	0	0	0
fsh-generated/resources/Bundle-ParentalDemographicsCodingUpdateMessage-Example1.json	3839	1	0	0	0	0	1	0	0	12	0	0	0	0	0	0	0	0	0	0	19	10	0	0	0	0	0	0
fsh-generated/resources/Bundle-StatusMessage-Example1.json	2076	2	1	0	0	0	1	0	0	8	0	0	0	0	0	0	0	0	0	0	15	9	0	0	0	0	0	0
fsh-generated/resources/Bundle-UpdateMessage-Example1.json	3586	1	0	0	0	0	1	0	0	8	0	0	0	0	0	0	0	0	0	0	31	33	0	0	0	0	0	0
fsh-generated/resources/Bundle-VoidMessage-Example1.json	1950	1	0	0	0	0	1	0	0	9	0	0	0	0	0	0	0	0	0	0	10	29	0	0	0	0	0	0
fsh-generated/resources/CodeSystem-Payload-version-cs.json	1268	2	0	0	0	0	0	0	0	6	0	0	1	0	0	0	1	0	0	0	12	22899	0	0	0	1	0	0
fsh-generated/resources/CodeSystem-VRM-MessageHeaderURI-cs.json	4862	1	0	0	0	0	0	0	0	19	0	0	0	0	0	0	0	0	0	0	25	237	0	0	0	0	0	0
fsh-generated/resources/CodeSystem-VRM-Status-cs.json	1544	1	0	0	0	0	0	0	0	4	0	0	0	0	0	0	0	0	0	0	39	223	0	0	0	0	0	1
fsh-generated/resources/MessageHeader-AcknowledgementHeader-Example1.json	647	2	0	0	0	0	0	0	0	8	0	0	0	0	0	0	0	0	0	0	32	35	0	0	0	0	0	0
fsh-generated/resources/MessageHeader-AliasHeader-Example1.json	532	1	0	0	0	0	0	0	0	6	0	0	0	0	0	0	0	0	0	0	12	19	0	0	0	0	0	0
fsh-generated/resources/MessageHeader-BirthReportHeader-Example1.json	625	1	0	0	0	0	0	0	0	4	0	0	0	0	0	0	0	0	0	0	13	17	0	0	0	0	0	0
fsh-generated/resources/MessageHeader-BirthReportUpdateHeader-Example1.json	644	1	0	0	0	0	0	0	0	5	0	0	0	0	0	0	0	0	0	0	8	18	0	0	0	0	0	0
fsh-generated/resources/MessageHeader-CauseOfDeathCodingHeader-Example1.json	733	1	0	0	0	0	0	0	1	4	0	0	0	0	0	0	0	0	0	0	11	20	0	0	0	0	0	0
fsh-generated/resources/MessageHeader-CauseOfDeathCodingUpdateHeader-Example1.json	752	2	1	0	0	0	0	0	0	5	0	0	0	0	0	0	0	0	0	0	10	16	0	0	0	0	0	0
fsh-generated/resources/MessageHeader-CodedCauseOfFetalDeathHeader-Example1.json	742	1	0	0	0	0	0	0	0	4	0	0	0	0	0	0	0	0	0	0	10	15	0	0	0	0	0	0
fsh-generated/resources/MessageHeader-CodedCauseOfFetalDeathUpdateHeader-Example1.json	761	1	0	0	0	0	0	0	0	5	0	0	0	0	0	0	0	0	0	0	11	14	0	0	0	0	0	0
fsh-generated/resources/MessageHeader-DeathRecordSubmissionHeaderExample1.json	642	1	0	0	0	0	0	0	0	6	0	0	0	0	0	0	0	0	0	0	10	14	0	0	0	0	0	0
fsh-generated/resources/MessageHeader-DemographicsCodingHeader-Example1.json	733	1	0	0	0	0	0	0	0	5	0	0	0	0	0	0	0	0	0	0	9	15	0	0	0	0	0	0
fsh-generated/resources/MessageHeader-DemographicsCodingUpdateHeader-Example1.json	752	1	0	0	0	0	0	0	0	4	0	0	0	0	0	0	0	0	0	0	10	15	0	0	0	0	0	0
fsh-generated/resources/MessageHeader-ExtractionErrorHeader-Example1.json	770	2	0	0	0	0	0	0	0	4	0	0	0	0	0	0	0	0	0	0	10	16	0	0	0	0	0	0
fsh-generated/resources/MessageHeader-FetalDeathReportHeader-Example1.json	632	1	0	0	0	0	0	0	0	5	0	0	0	0	0	0	0	1	0	0	9	14	0	0	0	0	0	0
fsh-generated/resources/MessageHeader-FetalDeathReportUpdateHeader-Example1.json	651	1	0	0	0	0	0	0	0	4	0	0	0	0	0	0	0	0	0	0	8	17	0	0	0	0	0	0
fsh-generated/resources/MessageHeader-IndustryOccupationCodingHeader-Example1.json	751	1	0	0	0	0	0	0	0	4	0	0	0	0	0	0	0	0	0	0	9	15	0	0	0	0	0	0
fsh-generated/resources/MessageHeader-IndustryOccupationCodingUpdateHeader-Example1.json	770	2	0	0	0	0	0	0	0	4	0	0	0	0	0	0	0	0	0	0	9	14	0	0	0	0	0	0
fsh-generated/resources/MessageHeader-ParentalDemographicsCodingHeader-Example1.json	755	1	0	0	0	0	0	0	0	4	0	0	0	0	0	0	0	0	0	0	10	17	0	0	0	0	0	0
fsh-generated/resources/MessageHeader-ParentalDemographicsCodingUpdateHeader-Example1.json	774	1	0	0	0	0	0	0	0	4	0	0	0	0	0	0	0	0	0	0	9	14	0	0	0	0	0	0
fsh-generated/resources/MessageHeader-StatusHeader-Example1.json	617	1	0	0	0	0	0	0	0	3	0	0	0	0	0	0	0	0	0	0	8	14	0	0	0	0	0	0
fsh-generated/resources/MessageHeader-SubmissionHeader-Example1.json	623	1	0	0	0	0	0	0	0	5	0	0	0	0	0	0	0	0	0	0	8	14	0	0	0	0	0	0
fsh-generated/resources/MessageHeader-UpdateHeader-Example1.json	622	1	0	0	0	0	0	0	0	4	0	0	0	0	0	0	0	0	0	0	8	23	0	0	0	0	1	0
fsh-generated/resources/MessageHeader-VoidHeader-Example1.json	541	2	0	0	0	0	0	0	0	3	0	0	0	0	0	0	0	0	0	0	8	25	0	0	0	0	0	0
fsh-generated/resources/MessageHeader-VoidHeaderDeath-Example1.json	544	1	0	0	0	0	0	0	0	3	0	0	0	0	0	0	0	0	0	0	8	15	0	0	0	0	0	0
fsh-generated/resources/OperationOutcome-Outcome-Example1.json	377	2	0	0	0	0	0	0	0	1	0	0	0	0	0	0	0	0	0	0	7	8	0	0	0	0	0	0
fsh-generated/resources/Parameters-AliasParameters-Example1.json	1051	1	0	0	0	0	0	0	0	0	0	0	0	0	0	0	0	0	0	0	6	8	0	0	0	0	0	0
fsh-generated/resources/Parameters-Parameters-Example1.json	610	1	0	0	0	0	0	0	0	0	0	0	0	0	0	0	0	0	0	0	5	6	0	0	0	0	0	0
fsh-generated/resources/Parameters-ParametersBirth-Example1.json	615	2	0	0	0	0	0	0	0	0	0	0	0	0	0	0	0	0	0	0	6	7	0	0	0	0	0	0
fsh-generated/resources/Parameters-ParametersDeathExample1.json	459	1	0	0	0	0	0	0	0	0	0	0	0	0	0	0	0	0	0	0	5	10	0	0	0	0	0	0
fsh-generated/resources/Parameters-ParametersFD-Example2.json	612	1	0	0	0	0	0	0	0	0	0	0	0	0	0	0	0	0	0	0	6	8	0	0	0	0	0	0
fsh-generated/resources/Parameters-StatusParameters-Example1.json	617	1	0	0	0	0	0	0	0	0	0	0	0	0	0	0	0	0	0	0	5	9	0	0	0	0	0	0
fsh-generated/resources/Parameters-VoidParameters-Example1.json	599	2	1	0	0	0	0	0	0	0	0	0	0	0	0	0	0	0	0	0	6	7	0	0	0	0	0	0
fsh-generated/resources/StructureDefinition-VRM-AcknowledgementHeader.json	2166	1	0	0	0	0	0	27	0	25	1	0	1	0	0	0	0	0	0	0	143	1530	0	1	0	4	0	1
fsh-generated/resources/StructureDefinition-VRM-AcknowledgementMessage.json	2538	1	0	0	0	0	0	43	0	12	0	0	0	0	0	0	0	2	0	0	332	850	0	0	0	9	0	5
fsh-generated/resources/StructureDefinition-VRM-AliasHeader.json	1751	2	0	0	0	0	0	33	0	6	0	0	1	0	0	0	0	1	0	0	128	322	0	0	0	3	1	1
fsh-generated/resources/StructureDefinition-VRM-AliasParameters.json	15146	2	0	0	0	0	0	18	0	20	0	0	0	0	0	0	0	1	0	0	393	622	0	0	0	12	0	1
fsh-generated/resources/StructureDefinition-VRM-BirthReportHeader.json	1558	1	0	0	0	0	0	20	0	6	0	0	0	0	0	0	0	1	0	0	116	246	0	0	0	5	0	1
fsh-generated/resources/StructureDefinition-VRM-BirthReportMessage.json	3299	1	0	0	0	0	0	51	0	13	0	0	1	0	0	0	0	2	0	0	353	878	0	0	0	12	0	1
fsh-generated/resources/StructureDefinition-VRM-BirthReportUpdateHeader.json	1597	1	0	0	0	0	0	19	0	5	0	0	0	0	0	0	0	0	0	0	114	234	0	0	0	3	0	1
fsh-generated/resources/StructureDefinition-VRM-BirthReportUpdateMessage.json	3343	2	0	0	0	0	0	38	0	11	0	0	1	0	0	0	0	2	0	0	303	560	0	0	0	8	1	1
fsh-generated/resources/StructureDefinition-VRM-CauseOfDeathCodingHeader.json	1953	1	0	0	0	0	0	18	0	6	0	0	0	0	0	0	0	0	0	0	125	244	0	0	0	4	0	0
fsh-generated/resources/StructureDefinition-VRM-CauseOfDeathCodingMessage.json	3298	1	0	0	0	0	0	44	0	10	0	0	0	0	0	0	0	2	0	0	299	546	0	0	0	7	0	4
fsh-generated/resources/StructureDefinition-VRM-CauseOfDeathCodingUpdateHeader.json	1999	2	0	0	0	0	0	19	0	5	0	0	0	0	0	0	0	1	0	0	163	293	0	0	0	4	0	1
fsh-generated/resources/StructureDefinition-VRM-CauseOfDeathCodingUpdateMessage.json	3382	1	0	0	0	0	0	34	0	11	0	0	1	0	0	0	0	2	0	0	293	608	0	0	0	9	1	1
fsh-generated/resources/StructureDefinition-VRM-CodedCauseOfFetalDeathHeader.json	2004	1	0	0	0	0	0	25	0	5	0	0	0	0	0	0	0	0	0	0	127	285	0	0	0	2	0	1
fsh-generated/resources/StructureDefinition-VRM-CodedCauseOfFetalDeathMessage.json	3474	2	0	0	0	0	0	31	0	10	0	0	1	0	0	0	0	2	0	0	301	811	0	0	0	9	0	1
fsh-generated/resources/StructureDefinition-VRM-CodedCauseOfFetalDeathUpdateHeader.json	2043	1	0	0	0	0	0	17	0	19	0	0	0	0	0	0	0	1	0	0	122	358	0	0	0	3	0	0
fsh-generated/resources/StructureDefinition-VRM-CodedCauseOfFetalDeathUpdateMessage.json	3518	1	0	0	0	0	0	33	0	11	0	0	0	0	0	0	0	1	0	0	343	769	0	0	0	6	1	2
fsh-generated/resources/StructureDefinition-VRM-DeathRecordAliasMessage.json	2624	2	0	0	0	0	0	26	0	9	0	0	1	0	0	0	0	2	0	0	234	675	0	0	0	5	0	1
fsh-generated/resources/StructureDefinition-VRM-DeathRecordSubmissionMessage.json	3872	1	0	0	0	0	0	43	0	14	0	0	0	0	0	0	0	2	0	0	373	921	0	0	0	8	1	1
fsh-generated/resources/StructureDefinition-VRM-DeathRecordUpdateMessage.json	3339	1	0	0	0	0	0	38	0	13	0	0	1	0	0	0	0	1	0	0	317	776	0	0	0	6	0	2
fsh-generated/resources/StructureDefinition-VRM-DeathRecordVoidMessage.json	2755	2	0	0	0	0	0	39	0	10	0	0	0	0	0	0	0	2	0	0	338	605	0	0	0	5	0	0
fsh-generated/resources/StructureDefinition-VRM-DemographicsCodingHeader.json	1949	1	0	0	0	0	0	26	1	7	0	0	0	0	0	0	0	0	0	0	131	216	0	0	0	3	1	1
fsh-generated/resources/StructureDefinition-VRM-DemographicsCodingMessage.json	3290	1	0	0	0	0	0	35	0	50	0	0	1	0	0	0	0	2	0	0	298	566	0	0	0	6	0	1
fsh-generated/resources/StructureDefinition-VRM-DemographicsCodingUpdateHeader.json	1988	2	0	0	0	0	0	15	0	11	0	0	0	0	0	0	0	0	0	0	122	290	0	0	0	3	0	0
fsh-generated/resources/StructureDefinition-VRM-DemographicsCodingUpdateMessage.json	3342	1	0	0	0	0	0	31	0	18	0	0	0	0	0	0	0	2	0	0	372	642	0	0	0	6	1	6
fsh-generated/resources/StructureDefinition-VRM-ExtractionErrorHeader.json	2535	2	0	0	0	0	0	12	0	8	0	0	1	0	0	0	0	0	0	0	126	221	0	0	0	2	0	1
fsh-generated/resources/StructureDefinition-VRM-ExtractionErrorMessage.json	3247	1	1	0	0	0	0	23	0	13	0	0	0	0	0	0	0	2	0	0	312	536	0	0	0	7	0	2
fsh-generated/resources/StructureDefinition-VRM-FetalDeathReportHeader.json	1593	1	0	0	0	0	0	9	0	7	0	0	0	0	0	0	0	0	0	0	116	260	0	0	0	3	0	0
fsh-generated/resources/StructureDefinition-VRM-FetalDeathReportMessage.json	3385	2	0	0	0	0	0	23	0	11	0	0	1	0	0	0	0	2	0	0	299	555	0	0	0	6	0	1
fsh-generated/resources/StructureDefinition-VRM-FetalDeathReportUpdateHeader.json	1624	1	0	0	0	0	0	9	0	5	0	0	0	0	0	0	0	0	0	0	157	274	0	0	0	2	0	1
fsh-generated/resources/StructureDefinition-VRM-FetalDeathReportUpdateMessage.json	3422	2	0	0	0	0	0	31	0	11	0	0	0	0	0	0	0	2	0	0	312	642	0	0	0	6	1	1
fsh-generated/resources/StructureDefinition-VRM-IndustryOccupationCodingHeader.json	1987	1	0	0	0	0	0	12	0	6	0	0	0	0	0	0	0	0	0	0	129	309	0	0	0	3	0	0
fsh-generated/resources/StructureDefinition-VRM-IndustryOccupationCodingMessage.json	3195	1	0	0	0	0	0	25	0	12	0	0	1	0	0	0	0	2	0	0	303	966	0	0	0	5	0	1
fsh-generated/resources/StructureDefinition-VRM-IndustryOccupationCodingUpdateHeader.json	2026	2	0	0	0	0	0	11	0	5	0	0	0	0	0	0	0	0	0	0	123	392	0	0	0	3	0	1
fsh-generated/resources/StructureDefinition-VRM-IndustryOccupationCodingUpdateMessage.json	3435	1	0	0	0	0	0	25	0	11	0	0	0	0	0	0	0	2	0	0	521	809	0	0	0	5	1	2
fsh-generated/resources/StructureDefinition-VRM-MessageBundle.json	645	1	0	0	0	0	0	5	0	6	0	0	1	0	0	0	0	0	0	0	145	382	0	0	0	2	0	1
fsh-generated/resources/StructureDefinition-VRM-MessageParameters.json	8121	2	0	0	0	0	0	5	0	25	0	0	0	0	0	0	0	1	0	0	295	342	0	0	0	4	0	0
fsh-generated/resources/StructureDefinition-VRM-Outcome.json	659	1	0	0	0	0	0	3	0	4	0	0	0	0	0	0	0	0	0	0	59	193	0	0	0	1	0	0
fsh-generated/resources/StructureDefinition-VRM-ParentalDemographicsCodingHeader.json	2008	1	0	0	0	0	0	12	0	6	0	0	0	0	0	0	0	1	0	0	129	252	0	0	0	3	0	2
fsh-generated/resources/StructureDefinition-VRM-ParentalDemographicsCodingMessage.json	3424	2	0	0	0	0	0	26	0	11	0	0	1	0	0	0	0	1	0	0	353	578	0	0	0	6	0	7
fsh-generated/resources/StructureDefinition-VRM-ParentalDemographicsCodingUpdateHeader.json	2047	1	0	0	0	0	0	15	0	8	0	0	0	0	0	0	0	1	0	0	148	257	0	0	0	2	1	0
fsh-generated/resources/StructureDefinition-VRM-ParentalDemographicsCodingUpdateMessage.json	3469	1	0	0	0	0	0	32	0	11	0	0	0	0	0	0	0	1	0	0	332	546	0	0	0	6	0	1
fsh-generated/resources/StructureDefinition-VRM-StatusHeader.json	2125	2	0	0	0	0	0	31	0	5	0	0	0	0	0	0	0	1	0	0	135	208	0	0	0	3	0	1
fsh-generated/resources/StructureDefinition-VRM-StatusMessage.json	2610	1	0	0	0	0	0	26	0	8	0	0	1	0	0	0	0	1	0	0	254	480	0	0	0	4	0	1
fsh-generated/resources/StructureDefinition-VRM-StatusParameters.json	9136	2	0	0	0	0	0	8	0	11	0	0	0	0	0	0	0	1	0	0	319	264	0	0	0	4	0	1
fsh-generated/resources/StructureDefinition-VRM-SubmissionHeader.json	1557	1	0	0	0	0	0	7	0	5	0	0	0	0	0	0	0	0	0	0	131	255	0	0	0	2	0	0
fsh-generated/resources/StructureDefinition-VRM-UpdateHeader.json	1555	1	0	0	0	0	0	5	0	5	0	0	0	0	0	0	0	1	0	0	118	312	0	0	0	2	1	1
fsh-generated/resources/StructureDefinition-VRM-VoidHeader.json	1565	1	0	0	0	0	0	7	0	11	0	0	1	0	0	0	0	0	0	0	146	224	0	0	1	3	0	1
fsh-generated/resources/StructureDefinition-VRM-VoidHeaderGeneral.json	1549	2	0	0	0	0	0	11	0	5	0	0	0	0	0	0	0	1	0	0	140	339	0	0	0	2	0	0
fsh-generated/resources/StructureDefinition-VRM-VoidMessage.json	2650	1	0	0	0	0	0	26	0	9	0	0	0	0	0	0	0	1	0	0	256	440	0	0	0	5	0	1
fsh-generated/resources/StructureDefinition-VRM-VoidParameters.json	9203	2	1	0	0	0	0	7	0	11	0	0	1	0	0	0	0	0	0	0	290	293	0	0	0	4	0	1
fsh-generated/resources/ValueSet-Payload-version-vs.json	498	1	0	0	0	0	0	0	0	64	0	0	0	0	0	0	0	0	0	0	8	5675	0	0	0	0	0	0
fsh-generated/resources/ValueSet-VRM-Status-vs.json	447	1	0	0	0	0	0	0	0	2	0	0	0	0	0	0	0	0	0	0	8	246	0	0	0	0	0	0
