Source File	Size	loadResources	load	generateSnapshots	load-configure	scan	loadDepInfo	loadInfo	checkR4R4B	generateNarratives	validate	loadLists	checkConformanceResources	checkConformanceResources2	checkConformanceResources3	generateLogicalMaps	validateExpressions	scanForUsageStats	checkURLsUnique	processProvenanceDetails	generate1	generate2	generateLogicals	makeDependencies	generateExampleZip	generateValidationPack	scanProfilesForR5	scanExamplesForR5
/fsh-generated/resources/ImplementationGuide-vital-records-fhir-messaging.json	40719	-	0	0	1	0	1	0	49	234	0	0	0	0	0	0	0	1	0	0	446	537	0	0	0	21	0	6
fsh-generated/resources/Bundle-AcknowledgementMessage-Example1.json	2120	12	19	0	1	0	0	0	0	114	0	0	0	0	0	0	0	0	0	0	76	163	0	0	0	0	1	1
fsh-generated/resources/Bundle-AcknowledgementMessage-Example2.json	2895	16	7	0	0	0	1	0	1	33	0	0	0	0	0	0	0	0	0	0	41	54	0	0	0	0	0	0
fsh-generated/resources/Bundle-BirthReportMessage-Example1.json	3606	3	5	0	0	0	0	0	0	29	0	0	0	0	0	0	0	0	0	0	34	40	0	0	0	0	0	0
fsh-generated/resources/Bundle-BirthReportUpdateMessage-Example1.json	3633	10	5	0	1	0	0	0	0	33	0	0	0	0	0	0	0	0	0	0	32	34	0	0	0	0	0	0
fsh-generated/resources/Bundle-CauseOfDeathCodingMessage-Example1.json	3746	4	3	0	0	0	0	0	0	29	0	0	0	0	0	0	0	0	0	0	31	34	0	0	0	0	0	0
fsh-generated/resources/Bundle-CauseOfDeathCodingUpdateMessage1.json	3775	9	3	0	0	0	0	0	0	19	0	0	0	0	0	0	0	0	0	0	32	27	0	0	0	0	0	0
fsh-generated/resources/Bundle-CodedCauseOfFetalDeathMessage-Example1.json	3770	4	2	0	0	0	0	0	1	24	0	0	0	0	0	0	0	0	0	0	30	37	0	0	0	0	0	0
fsh-generated/resources/Bundle-CodedCauseOfFetalDeathUpdateMessage-Example1.json	3809	4	14	0	0	0	0	0	0	24	0	0	0	0	0	0	0	0	0	0	28	49	0	0	0	0	0	0
fsh-generated/resources/Bundle-DeathRecordAliasMessage-Example1.json	2539	4	3	0	0	0	0	0	0	19	0	0	0	0	0	0	0	1	0	0	23	44	0	0	0	0	0	0
fsh-generated/resources/Bundle-DeathRecordSubmissionMessage-Example1.json	3201	5	7	0	0	0	0	0	0	13	0	0	0	0	0	0	0	0	0	0	30	37	0	0	0	0	0	0
fsh-generated/resources/Bundle-DemographicsCodingMessage-Example1.json	3746	3	11	0	0	0	0	0	0	13	0	0	0	0	0	0	0	0	0	0	33	51	0	0	0	0	0	0
fsh-generated/resources/Bundle-DemographicsCodingUpdateMessage1.json	3775	3	4	0	0	0	0	0	0	11	0	0	0	0	0	0	0	0	0	0	30	39	0	0	0	0	0	0
fsh-generated/resources/Bundle-DummyBundle.json	1145	3	2	0	1	0	0	0	0	0	0	0	0	0	0	0	0	0	0	0	10	14	0	0	0	0	0	0
fsh-generated/resources/Bundle-DummyDeathBundle.json	945	3	1	0	0	0	0	0	0	0	0	0	0	0	0	0	0	0	0	0	10	14	0	0	0	0	0	0
fsh-generated/resources/Bundle-ExtractionErrorMessage-Example1.json	2841	3	3	0	0	0	0	0	1	20	0	0	0	0	0	0	0	0	0	0	35	40	0	0	0	0	0	0
fsh-generated/resources/Bundle-FetalDeathReportMessage-Example1.json	3614	4	1	0	0	0	0	0	0	15	0	0	0	0	0	0	0	0	0	0	33	39	0	0	0	0	0	0
fsh-generated/resources/Bundle-FetalDeathReportUpdateMessage-Example1.json	3641	4	2	0	0	0	0	0	1	10	0	0	0	0	0	0	0	0	0	0	30	42	0	0	0	0	0	0
fsh-generated/resources/Bundle-IndustryOccupationCodingMessage-Example1.json	3782	4	2	0	0	0	0	0	0	14	0	0	0	0	0	0	0	0	0	0	34	44	0	0	0	0	0	0
fsh-generated/resources/Bundle-IndustryOccupationCodingUpdateMessage1.json	3811	3	3	0	1	0	0	0	0	23	0	0	0	0	0	0	0	0	0	0	32	34	0	0	0	0	0	0
fsh-generated/resources/Bundle-ParentalDemographicsCodingMessage-Example1.json	3787	4	2	0	0	0	0	0	0	18	0	0	0	0	0	0	0	0	0	0	28	36	0	0	0	0	0	0
fsh-generated/resources/Bundle-ParentalDemographicsCodingUpdateMessage-Example1.json	3824	3	2	0	0	0	0	0	1	25	0	0	0	0	0	0	0	0	0	0	35	34	0	0	0	0	0	0
fsh-generated/resources/Bundle-StatusMessage-Example1.json	2076	3	2	0	0	0	0	0	0	17	0	0	0	0	0	0	0	0	0	0	22	29	0	0	0	0	0	0
fsh-generated/resources/Bundle-UpdateMessage-Example1.json	3586	4	3	0	0	0	0	0	0	16	0	0	0	0	0	0	0	0	0	0	24	39	0	0	0	0	0	0
fsh-generated/resources/Bundle-VoidMessage-Example1.json	1948	2	2	0	0	0	0	0	0	11	0	0	0	0	0	0	0	0	0	0	20	26	0	0	0	0	0	1
fsh-generated/resources/CodeSystem-Payload-version-cs.json	813	3	0	0	3	0	1	0	0	22	0	0	2	0	0	0	0	0	0	0	27	40740	0	0	0	5	0	0
fsh-generated/resources/CodeSystem-VRM-MessageHeaderURI-cs.json	7896	5	0	0	2	0	0	0	0	10	0	0	0	0	0	0	0	0	0	0	86	983	0	0	0	1	0	0
fsh-generated/resources/CodeSystem-VRM-Status-cs.json	1725	8	0	0	0	0	0	0	1	33	0	0	0	0	0	0	0	0	0	0	30	789	0	0	0	0	0	0
fsh-generated/resources/MessageHeader-AcknowledgementHeader-Example1.json	647	5	0	0	0	0	0	0	0	48	0	0	0	0	0	0	0	0	0	0	18	43	0	0	0	0	0	0
fsh-generated/resources/MessageHeader-AcknowledgementHeader-Example2.json	754	2	0	0	0	0	0	0	0	13	0	0	0	0	0	0	0	0	0	0	22	23	0	0	0	0	0	0
fsh-generated/resources/MessageHeader-AliasHeader-Example1.json	532	3	0	0	0	0	0	0	0	11	0	0	0	0	0	0	0	0	0	0	18	16	0	0	0	0	0	0
fsh-generated/resources/MessageHeader-BirthReportHeader-Example1.json	628	3	0	0	0	0	0	0	0	15	0	0	0	0	0	0	0	0	0	0	19	17	0	0	0	0	0	0
fsh-generated/resources/MessageHeader-BirthReportUpdateHeader-Example1.json	637	5	0	0	0	0	0	0	0	10	0	0	0	0	0	0	0	0	0	0	17	18	0	0	0	0	0	0
fsh-generated/resources/MessageHeader-CauseOfDeathCodingHeader-Example1.json	733	3	0	0	0	0	0	0	0	15	0	0	0	0	0	0	0	0	0	0	20	18	0	0	0	0	0	0
fsh-generated/resources/MessageHeader-CauseOfDeathCodingUpdateHeader-Example1.json	752	3	0	0	0	0	0	0	0	13	0	0	0	0	0	0	0	0	0	0	22	27	0	0	0	0	0	0
fsh-generated/resources/MessageHeader-CodedCauseOfFetalDeathHeader-Example1.json	741	3	0	0	1	0	0	0	0	13	0	0	0	0	0	0	0	0	0	0	21	21	0	0	0	0	0	0
fsh-generated/resources/MessageHeader-CodedCauseOfFetalDeathUpdateHeader-Example1.json	762	2	0	0	0	0	0	0	0	11	0	0	0	0	0	0	0	0	0	0	19	17	0	0	0	0	0	0
fsh-generated/resources/MessageHeader-DeathRecordSubmissionHeaderExample1.json	642	3	0	0	0	0	0	0	0	11	0	0	0	0	0	0	0	0	0	0	16	15	0	0	0	0	0	0
fsh-generated/resources/MessageHeader-DemographicsCodingHeader-Example1.json	733	2	0	0	0	0	0	0	0	16	0	0	0	0	0	0	0	0	0	0	18	16	0	0	0	0	0	0
fsh-generated/resources/MessageHeader-DemographicsCodingUpdateHeader-Example1.json	752	3	0	0	0	0	0	0	0	32	0	0	0	0	0	0	0	0	0	0	19	16	0	0	0	0	0	0
fsh-generated/resources/MessageHeader-ExtractionErrorHeader-Example1.json	770	2	0	0	0	0	0	0	0	19	0	0	0	0	0	0	0	0	0	0	18	17	0	0	0	0	0	0
fsh-generated/resources/MessageHeader-FetalDeathReportHeader-Example1.json	627	3	0	0	0	0	0	0	0	16	0	0	0	0	0	0	0	0	0	0	16	17	0	0	0	0	0	0
fsh-generated/resources/MessageHeader-FetalDeathReportUpdateHeader-Example1.json	636	3	0	0	0	0	0	0	0	11	0	0	0	0	0	0	0	0	0	0	19	17	0	0	0	0	0	0
fsh-generated/resources/MessageHeader-IndustryOccupationCodingHeader-Example1.json	751	5	0	0	0	0	0	0	1	10	0	0	0	0	0	0	0	0	0	0	19	17	0	0	0	0	0	0
fsh-generated/resources/MessageHeader-IndustryOccupationCodingUpdateHeader-Example1.json	770	3	0	0	1	0	0	0	0	11	0	0	0	0	0	0	0	0	0	0	20	18	0	0	0	0	0	0
fsh-generated/resources/MessageHeader-ParentalDemographicsCodingHeader-Example1.json	748	2	0	0	0	0	0	0	0	11	0	0	0	0	0	0	0	0	0	0	17	20	0	0	0	0	0	0
fsh-generated/resources/MessageHeader-ParentalDemographicsCodingUpdateHeader-Example1.json	767	2	0	0	0	0	0	0	0	12	0	0	0	0	0	0	0	0	0	0	18	22	0	0	0	0	0	0
fsh-generated/resources/MessageHeader-StatusHeader-Example1.json	617	3	0	0	0	0	0	0	0	16	0	0	0	0	0	0	0	1	0	0	17	19	0	0	0	0	0	0
fsh-generated/resources/MessageHeader-SubmissionHeader-Example1.json	623	3	0	0	0	0	0	0	0	11	0	0	0	0	0	0	0	0	0	0	17	16	0	0	0	0	0	0
fsh-generated/resources/MessageHeader-UpdateHeader-Example1.json	622	3	0	0	0	0	0	0	0	12	0	0	0	0	0	0	0	0	0	0	15	18	0	0	0	0	0	0
fsh-generated/resources/MessageHeader-VoidHeader-Example1.json	539	2	0	0	0	0	0	0	0	13	0	0	0	0	0	0	0	0	0	0	22	15	0	0	0	0	0	0
fsh-generated/resources/OperationOutcome-Outcome-Example1.json	377	2	0	0	0	0	0	0	0	2	0	0	0	0	0	0	0	0	0	0	14	15	0	0	0	0	0	0
fsh-generated/resources/OperationOutcome-Outcome-Example2.json	447	3	0	0	0	0	0	0	0	1	0	0	0	0	0	0	0	0	0	0	13	12	0	0	0	0	0	0
fsh-generated/resources/Parameters-AliasParameters-Example1.json	1051	3	0	0	1	0	0	0	0	0	0	0	0	0	0	0	0	0	0	0	12	27	0	0	0	0	0	0
fsh-generated/resources/Parameters-Parameters-Example1.json	610	4	0	0	0	0	0	0	0	0	0	0	0	0	0	0	0	0	0	0	12	18	0	0	0	0	0	0
fsh-generated/resources/Parameters-ParametersBirth-Example1.json	615	2	0	0	0	0	0	0	2	0	0	0	0	0	0	0	0	0	0	0	7	12	0	0	0	0	0	0
fsh-generated/resources/Parameters-ParametersDeathExample1.json	459	2	0	0	0	0	0	0	0	0	0	0	0	0	0	0	0	0	0	0	7	11	0	0	0	0	0	0
fsh-generated/resources/Parameters-ParametersFD-Example2.json	612	2	0	0	0	0	0	0	0	0	0	0	0	0	0	0	0	0	0	0	20	17	0	0	0	0	0	0
fsh-generated/resources/Parameters-StatusParameters-Example1.json	617	6	0	0	0	0	0	0	0	0	0	0	0	0	0	0	0	0	0	0	10	17	0	0	0	0	0	0
fsh-generated/resources/Parameters-VoidParameters-Example1.json	599	2	0	0	0	0	0	0	1	0	0	0	0	0	0	0	0	0	0	0	58	12	0	0	0	0	0	0
fsh-generated/resources/StructureDefinition-VRM-AcknowledgementHeader.json	2288	4	0	199	0	0	0	0	1	102	0	0	4	0	0	0	0	5	1	0	500	1115	0	0	0	10	4	2
fsh-generated/resources/StructureDefinition-VRM-AcknowledgementMessage.json	3231	5	0	243	1	0	0	0	0	86	0	0	1	0	0	0	0	1	0	0	944	2957	0	0	0	9	0	6
fsh-generated/resources/StructureDefinition-VRM-AliasHeader.json	1752	4	0	329	0	0	0	0	0	34	0	0	0	0	0	0	0	1	0	0	381	1118	0	0	0	4	0	1
fsh-generated/resources/StructureDefinition-VRM-AliasParameters.json	15165	12	0	95	1	0	0	0	0	89	0	0	0	0	0	0	0	1	0	0	1162	2778	0	1	0	9	0	4
fsh-generated/resources/StructureDefinition-VRM-BirthReportMessage.json	3298	4	0	290	0	0	0	0	0	100	0	0	0	0	0	0	0	2	0	0	890	2736	0	0	0	11	0	7
fsh-generated/resources/StructureDefinition-VRM-BirthReportUpdateMessage.json	3332	4	0	155	0	0	0	0	0	72	0	0	1	0	0	0	0	1	0	0	889	2381	0	0	0	9	0	4
fsh-generated/resources/StructureDefinition-VRM-CauseOfDeathCodingHeader.json	2089	3	0	66	1	0	0	0	1	38	0	0	0	0	0	0	0	1	0	0	363	988	0	0	0	3	0	2
fsh-generated/resources/StructureDefinition-VRM-CauseOfDeathCodingMessage.json	3298	4	0	149	0	0	0	0	0	66	0	0	0	0	0	0	0	1	0	0	897	2369	0	0	0	10	0	4
fsh-generated/resources/StructureDefinition-VRM-CauseOfDeathCodingUpdateHeader.json	2127	3	0	63	0	0	0	0	0	111	0	0	0	0	0	0	0	1	0	0	358	1035	0	0	0	4	0	2
fsh-generated/resources/StructureDefinition-VRM-CauseOfDeathCodingUpdateMessage.json	3382	6	0	129	0	0	0	0	0	308	0	0	0	0	0	0	0	1	0	0	1075	2370	0	0	0	11	1	4
fsh-generated/resources/StructureDefinition-VRM-CodedCauseOfFetalDeathMessage.json	3470	4	0	134	0	0	0	0	2	157	0	0	1	0	0	0	0	2	0	0	942	2303	0	0	0	10	0	4
fsh-generated/resources/StructureDefinition-VRM-CodedCauseOfFetalDeathUpdateMessage.json	3514	5	0	132	0	0	0	0	3	107	0	0	0	0	0	0	0	1	0	0	891	2267	0	0	0	8	0	5
fsh-generated/resources/StructureDefinition-VRM-DeathRecordAliasMessage.json	2624	3	0	90	1	0	0	0	0	91	0	0	0	0	0	0	0	1	0	0	703	1803	0	0	0	6	0	3
fsh-generated/resources/StructureDefinition-VRM-DeathRecordSubmissionMessage.json	3872	5	0	138	0	0	0	0	0	84	0	0	2	0	0	0	0	2	0	0	1069	2719	0	0	0	11	0	6
fsh-generated/resources/StructureDefinition-VRM-DeathRecordUpdateMessage.json	3339	4	0	108	0	0	0	0	0	68	0	0	0	0	0	0	0	1	0	0	897	2243	0	0	0	9	0	4
fsh-generated/resources/StructureDefinition-VRM-DemographicsCodingHeader.json	2070	3	0	47	0	0	0	0	0	32	0	0	0	0	0	0	0	0	0	0	354	939	0	0	0	4	0	2
fsh-generated/resources/StructureDefinition-VRM-DemographicsCodingMessage.json	3290	4	0	104	0	0	0	0	0	79	0	0	1	0	0	0	0	2	0	0	880	2287	0	0	0	8	0	4
fsh-generated/resources/StructureDefinition-VRM-DemographicsCodingUpdateHeader.json	2108	4	0	41	0	0	0	0	0	42	0	0	0	0	0	0	0	0	0	0	350	980	0	0	0	4	0	1
fsh-generated/resources/StructureDefinition-VRM-DemographicsCodingUpdateMessage.json	3342	4	0	110	1	0	0	0	1	72	0	0	0	0	0	0	0	2	0	0	872	2283	0	0	0	18	0	5
fsh-generated/resources/StructureDefinition-VRM-ExtractionErrorHeader.json	2656	3	0	45	0	0	0	0	0	40	0	0	1	0	0	0	0	1	0	0	372	941	0	0	0	11	0	1
fsh-generated/resources/StructureDefinition-VRM-ExtractionErrorMessage.json	3247	4	0	129	0	0	0	0	0	61	0	0	0	0	0	0	0	1	0	0	879	2472	0	0	0	10	1	5
fsh-generated/resources/StructureDefinition-VRM-FetalDeathReportMessage.json	3379	4	0	370	0	0	0	0	0	70	0	0	0	0	0	0	0	1	0	0	910	2248	0	0	0	7	0	4
fsh-generated/resources/StructureDefinition-VRM-FetalDeathReportUpdateMessage.json	3406	3	0	162	0	0	0	0	0	71	0	0	1	0	0	0	0	1	0	0	894	2248	0	0	0	9	0	4
fsh-generated/resources/StructureDefinition-VRM-IndustryOccupationCodingHeader.json	2102	4	0	57	0	0	0	0	0	31	0	0	0	0	0	0	0	1	0	0	359	933	0	0	0	4	0	2
fsh-generated/resources/StructureDefinition-VRM-IndustryOccupationCodingMessage.json	3195	3	0	114	1	0	0	0	0	63	0	0	0	0	0	0	0	2	0	0	908	2203	0	0	0	9	0	4
fsh-generated/resources/StructureDefinition-VRM-IndustryOccupationCodingUpdateHeader.json	2140	4	0	42	0	0	0	0	0	48	0	0	0	0	0	0	0	0	0	0	368	917	0	0	0	3	0	1
fsh-generated/resources/StructureDefinition-VRM-IndustryOccupationCodingUpdateMessage.json	3435	3	0	113	0	0	0	0	0	68	0	0	0	0	0	0	0	2	0	0	902	2237	0	0	0	8	0	5
fsh-generated/resources/StructureDefinition-VRM-MessageBundle.json	646	3	0	36	0	0	0	0	0	24	0	0	1	0	0	0	0	1	0	0	305	843	0	0	0	3	0	1
fsh-generated/resources/StructureDefinition-VRM-MessageParameters.json	8140	6	0	30	0	0	0	0	0	60	0	0	0	0	0	0	0	0	0	0	626	1424	0	0	0	6	0	2
fsh-generated/resources/StructureDefinition-VRM-Outcome.json	660	3	0	14	1	0	0	0	0	27	0	0	0	0	0	0	0	1	0	0	162	510	0	0	0	1	1	1
fsh-generated/resources/StructureDefinition-VRM-StatusHeader.json	2247	3	0	81	0	0	0	0	0	40	0	0	0	0	0	0	0	0	0	0	344	917	0	0	0	3	0	1
fsh-generated/resources/StructureDefinition-VRM-StatusMessage.json	2610	5	0	94	0	0	0	0	0	69	0	0	0	0	0	0	0	1	0	0	693	2289	0	0	0	5	0	4
fsh-generated/resources/StructureDefinition-VRM-StatusParameters.json	9137	10	0	33	0	0	0	0	0	45	0	0	0	0	0	0	0	1	0	0	726	2009	0	0	0	5	0	2
fsh-generated/resources/StructureDefinition-VRM-SubmissionHeader.json	1678	4	0	24	0	0	0	0	0	26	0	0	0	0	0	0	0	1	0	0	337	947	0	0	0	3	0	1
fsh-generated/resources/StructureDefinition-VRM-UpdateHeader.json	1654	3	0	21	0	0	0	0	0	39	0	0	0	0	0	0	0	0	0	0	328	888	0	1	0	4	0	2
fsh-generated/resources/StructureDefinition-VRM-VoidHeader.json	1651	3	0	42	1	0	0	0	2	25	0	0	0	0	0	0	0	1	0	0	325	887	0	0	0	3	0	1
fsh-generated/resources/StructureDefinition-VRM-VoidMessage.json	2643	4	0	107	0	0	0	0	4	56	0	0	1	0	0	0	0	1	0	0	708	2006	0	0	0	5	0	4
fsh-generated/resources/StructureDefinition-VRM-VoidParameters.json	9204	7	0	37	0	0	0	0	0	49	0	0	0	0	0	0	0	0	0	0	703	1574	0	0	0	5	1	2
fsh-generated/resources/ValueSet-Payload-version-vs.json	499	2	0	0	0	0	0	0	0	203	0	0	0	0	0	0	0	0	0	0	12	1337	0	0	0	1	0	0
fsh-generated/resources/ValueSet-VRM-AcknowledgementHeaderURI-vs.json	842	3	0	0	0	0	0	0	0	49	0	0	0	0	0	0	0	0	0	0	17	923	0	0	0	0	0	0
fsh-generated/resources/ValueSet-VRM-CauseOfDeathCodingHeaderURI-vs.json	782	3	0	0	0	0	0	0	0	7	0	0	0	0	0	0	0	0	0	0	17	863	0	0	0	0	0	0
fsh-generated/resources/ValueSet-VRM-CauseOfDeathCodingUpdateHeaderURI-vs.json	828	2	0	0	0	0	0	0	0	5	0	0	0	0	0	0	0	0	0	0	16	843	0	0	0	0	0	0
fsh-generated/resources/ValueSet-VRM-DemographicsCodingHeaderURI-vs.json	879	2	0	0	0	0	0	0	0	3	0	0	0	0	0	0	0	0	0	0	18	846	0	0	0	0	0	0
fsh-generated/resources/ValueSet-VRM-DemographicsCodingUpdateHeaderURI-vs.json	930	3	0	0	1	0	0	0	0	3	0	0	0	0	0	0	0	0	0	0	19	856	0	0	0	0	0	0
fsh-generated/resources/ValueSet-VRM-ExtractionErrorHeaderURI-vs.json	851	2	0	0	0	0	0	0	0	3	0	0	0	0	0	0	0	0	0	0	18	866	0	0	0	0	0	0
fsh-generated/resources/ValueSet-VRM-IndustryOccupationHeaderURI-vs.json	897	3	0	0	0	0	0	0	1	7	0	0	0	0	0	0	0	0	0	0	19	840	0	0	0	1	0	0
fsh-generated/resources/ValueSet-VRM-IndustryOccupationUpdateHeaderURI-vs.json	950	2	0	0	0	0	0	0	0	6	0	0	0	1	0	0	0	0	0	0	20	845	0	0	0	0	0	0
fsh-generated/resources/ValueSet-VRM-Status-vs.json	448	2	0	0	0	0	0	0	0	3	0	0	0	0	0	0	0	0	0	0	11	846	0	0	0	0	0	0
fsh-generated/resources/ValueSet-VRM-StatusHeaderURI-vs.json	770	2	0	0	0	0	0	0	0	6	0	0	0	0	0	0	0	0	0	0	19	852	0	0	0	0	0	0
fsh-generated/resources/ValueSet-VRM-SubmissionHeaderURI-vs.json	777	3	0	0	0	0	0	0	0	3	0	0	0	0	0	0	0	1	0	0	17	844	0	0	0	0	0	0
fsh-generated/resources/ValueSet-VRM-UpdateHeaderURI-vs.json	803	2	0	0	0	0	0	0	0	4	0	0	0	0	0	0	0	0	0	0	17	873	0	0	0	0	0	0
fsh-generated/resources/ValueSet-VRM-VOIDHeaderURI-vs.json	787	2	0	0	0	0	0	0	0	8	0	0	0	0	0	0	0	0	0	0	17	854	0	0	0	0	0	0
